{
	"partitions" : [
		{
			"name" : "Top",
			"pins" : [
				{
					"name" : "seg_tens[0]",
					"strict" : false
				},
				{
					"name" : "seg_tens[1]",
					"strict" : false
				},
				{
					"name" : "seg_tens[2]",
					"strict" : false
				},
				{
					"name" : "seg_tens[3]",
					"strict" : false
				},
				{
					"name" : "seg_tens[4]",
					"strict" : false
				},
				{
					"name" : "seg_tens[5]",
					"strict" : false
				},
				{
					"name" : "seg_tens[6]",
					"strict" : false
				},
				{
					"name" : "seg_units[0]",
					"strict" : false
				},
				{
					"name" : "seg_units[1]",
					"strict" : false
				},
				{
					"name" : "seg_units[2]",
					"strict" : false
				},
				{
					"name" : "seg_units[3]",
					"strict" : false
				},
				{
					"name" : "seg_units[4]",
					"strict" : false
				},
				{
					"name" : "seg_units[5]",
					"strict" : false
				},
				{
					"name" : "seg_units[6]",
					"strict" : false
				},
				{
					"name" : "lcd_rs",
					"strict" : false
				},
				{
					"name" : "lcd_en",
					"strict" : false
				},
				{
					"name" : "lcd_data[0]",
					"strict" : false
				},
				{
					"name" : "lcd_data[1]",
					"strict" : false
				},
				{
					"name" : "lcd_data[2]",
					"strict" : false
				},
				{
					"name" : "lcd_data[3]",
					"strict" : false
				},
				{
					"name" : "lcd_data[4]",
					"strict" : false
				},
				{
					"name" : "lcd_data[5]",
					"strict" : false
				},
				{
					"name" : "lcd_data[6]",
					"strict" : false
				},
				{
					"name" : "lcd_data[7]",
					"strict" : false
				},
				{
					"name" : "led_east_red",
					"strict" : false
				},
				{
					"name" : "led_east_yellow",
					"strict" : false
				},
				{
					"name" : "led_east_green",
					"strict" : false
				},
				{
					"name" : "led_west_red",
					"strict" : false
				},
				{
					"name" : "led_west_yellow",
					"strict" : false
				},
				{
					"name" : "led_west_green",
					"strict" : false
				},
				{
					"name" : "debug_led",
					"strict" : false
				},
				{
					"name" : "reset",
					"strict" : false
				},
				{
					"name" : "clk50m",
					"strict" : false
				},
				{
					"name" : "key_manual",
					"strict" : false
				},
				{
					"name" : "key_switch",
					"strict" : false
				},
				{
					"name" : "key_emergency",
					"strict" : false
				},
				{
					"name" : "key_night",
					"strict" : false
				}
			]
		}
	]
}